country,holiday_name,dt_day
India,Christmas,2023-12-25
India,Christmas,2024-12-25
India,Christmas,2025-12-25
India,Labour Day,2023-05-01
India,Labour Day,2024-05-01
India,Labour Day,2025-05-01
India,Republic Day,2023-01-26
India,Republic Day,2024-01-26
India,Republic Day,2025-01-26
India,Gandhi Jayanti,2023-10-02
India,Gandhi Jayanti,2024-10-02
India,Gandhi Jayanti,2025-10-02
India,Independence Da,2023-08-15
India,Independence Da,2024-08-15
India,Independence Da,2025-08-15
India,Makar Sankranti,2023-01-14
India,Makar Sankranti,2024-01-14
India,Makar Sankranti,2025-01-14
Italy,Natale,2023-12-25
Italy,Natale,2024-12-25
Italy,Natale,2025-12-25
Italy,Capodanno,2023-01-01
Italy,Capodanno,2024-01-01
Italy,Capodanno,2025-01-01
Italy,Santo Stefano,2023-12-26
Italy,Santo Stefano,2024-12-26
Italy,Santo Stefano,2025-12-26
Italy,Tutti i Santi,2023-11-01
Italy,Tutti i Santi,2024-11-01
Italy,Tutti i Santi,2025-11-01
Italy,Lunedì dell'Ang,2023-04-10
Italy,Lunedì dell'Ang,2024-04-01
Italy,Lunedì dell'Ang,2025-04-21
Italy,Epifania del Si,2023-01-06
Italy,Epifania del Si,2024-01-06
Italy,Epifania del Si,2025-01-06
Italy,Festa dei Lavor,2023-05-01
Italy,Festa dei Lavor,2024-05-01
Italy,Festa dei Lavor,2025-05-01
Italy,Immacolata Conc,2023-12-08
Italy,Immacolata Conc,2024-12-08
Italy,Immacolata Conc,2025-12-08
Italy,Festa della Rep,2023-06-02
Italy,Festa della Rep,2024-06-02
Italy,Festa della Rep,2025-06-02
Italy,Pasqua di Resur,2023-04-09
Italy,Pasqua di Resur,2024-03-31
Italy,Pasqua di Resur,2025-04-20
Italy,Festa della Lib,2023-04-25
Italy,Festa della Lib,2024-04-25
Italy,Festa della Lib,2025-04-25
Italy,Assunzione dell,2023-08-15
Italy,Assunzione dell,2024-08-15
Italy,Assunzione dell,2025-08-15
Japan,元日,2023-01-01
Japan,元日,2024-01-01
Japan,元日,2025-01-01
Japan,山の日,2023-08-11
Japan,山の日,2024-08-11
Japan,山の日,2025-08-11
Japan,海の日,2023-07-17
Japan,海の日,2024-07-15
Japan,海の日,2025-07-21
Japan,体育の日,2023-10-09
Japan,体育の日,2024-10-14
Japan,体育の日,2025-10-13
Japan,成人の日,2023-01-09
Japan,成人の日,2024-01-08
Japan,成人の日,2025-01-13
Japan,振替休日,2023-01-02
Japan,振替休日,2024-02-12
Japan,振替休日,2024-05-06
Japan,振替休日,2024-08-12
Japan,振替休日,2024-09-23
Japan,振替休日,2024-11-04
Japan,振替休日,2025-05-06
Japan,振替休日,2025-11-24
Japan,敬老の日,2023-09-18
Japan,敬老の日,2024-09-16
Japan,敬老の日,2025-09-15
Japan,文化の日,2023-11-03
Japan,文化の日,2024-11-03
Japan,文化の日,2025-11-03
Japan,春分の日,2023-03-21
Japan,春分の日,2024-03-20
Japan,春分の日,2025-03-20
Japan,昭和の日,2023-04-29
Japan,昭和の日,2024-04-29
Japan,昭和の日,2025-04-29
Japan,秋分の日,2023-09-23
Japan,秋分の日,2024-09-22
Japan,秋分の日,2025-09-23
Japan,こどもの日,2023-05-05
Japan,こどもの日,2024-05-05
Japan,こどもの日,2025-05-05
Japan,みどりの日,2023-05-04
Japan,みどりの日,2024-05-04
Japan,みどりの日,2025-05-04
Japan,天皇誕生日,2023-02-23
Japan,天皇誕生日,2024-02-23
Japan,天皇誕生日,2025-02-23
Japan,憲法記念日,2023-05-03
Japan,憲法記念日,2024-05-03
Japan,憲法記念日,2025-05-03
Japan,勤労感謝の日,2023-11-23
Japan,勤労感謝の日,2024-11-23
Japan,勤労感謝の日,2025-11-23
Japan,建国記念の日,2023-02-11
Japan,建国記念の日,2024-02-11
Japan,建国記念の日,2025-02-11
Spain,Navidad,2023-12-25
Spain,Navidad,2024-12-25
Spain,Navidad,2025-12-25
Spain,Año nuevo,2023-01-01
Spain,Año nuevo,2024-01-01
Spain,Año nuevo,2025-01-01
Spain,Todos los Santo,2023-11-01
Spain,Todos los Santo,2024-11-01
Spain,Todos los Santo,2025-11-01
Spain,Día del Trabaja,2023-05-01
Spain,Día del Trabaja,2024-05-01
Spain,Día del Trabaja,2025-05-01
Spain,Epifanía del Se,2023-01-06
Spain,Epifanía del Se,2024-01-06
Spain,Epifanía del Se,2025-01-06
Spain,Día de la Hispa,2023-10-12
Spain,Día de la Hispa,2024-10-12
Spain,Día de la Hispa,2025-10-12
Spain,Asunción de la ,2023-08-15
Spain,Asunción de la ,2024-08-15
Spain,Asunción de la ,2025-08-15
Spain,La Inmaculada C,2023-12-08
Spain,La Inmaculada C,2024-12-08
Spain,La Inmaculada C,2025-12-08
Spain,Día de la ,2023-12-06
Spain,Día de la ,2024-12-06
Spain,Día de la ,2025-12-06
Wales,May Day,2023-05-01
Wales,May Day,2024-05-06
Wales,May Day,2025-05-05
Wales,Boxing Day,2023-12-26
Wales,Boxing Day,2024-12-26
Wales,Boxing Day,2025-12-26
Wales,Good Friday,2023-04-07
Wales,Good Friday,2024-03-29
Wales,Good Friday,2025-04-18
Wales,Christmas Day,2023-12-25
Wales,Christmas Day,2024-12-25
Wales,Christmas Day,2025-12-25
Wales,Easter Monday,2023-04-10
Wales,Easter Monday,2024-04-01
Wales,Easter Monday,2025-04-21
Wales,New Year's Day,2023-01-01
Wales,New Year's Day,2023-01-02
Wales,New Year's Day,2024-01-01
Wales,New Year's Day,2025-01-01
Wales,Spring Bank Hol,2023-05-29
Wales,Spring Bank Hol,2024-05-27
Wales,Spring Bank Hol,2025-05-26
Wales,Late Summer Ban,2023-08-28
Wales,Late Summer Ban,2024-08-26
Wales,Late Summer Ban,2025-08-25
Brazil,Natal,2023-12-25
Brazil,Natal,2024-12-25
Brazil,Natal,2025-12-25
Brazil,Finados,2023-11-02
Brazil,Finados,2024-11-02
Brazil,Finados,2025-11-02
Brazil,Páscoa,2023-04-09
Brazil,Páscoa,2024-03-31
Brazil,Páscoa,2025-04-20
Brazil,Ano novo,2023-01-01
Brazil,Ano novo,2024-01-01
Brazil,Ano novo,2025-01-01
Brazil,Carnaval,2023-02-21
Brazil,Carnaval,2024-02-13
Brazil,Carnaval,2025-03-04
Brazil,Tiradentes,2023-04-21
Brazil,Tiradentes,2024-04-21
Brazil,Tiradentes,2025-04-21
Brazil,Corpus Christi,2023-06-08
Brazil,Corpus Christi,2024-05-30
Brazil,Corpus Christi,2025-06-19
Brazil,Sexta-feira San,2023-04-07
Brazil,Sexta-feira San,2024-03-29
Brazil,Sexta-feira San,2025-04-18
Brazil,Dia Mundial do ,2023-05-01
Brazil,Dia Mundial do ,2024-05-01
Brazil,Dia Mundial do ,2025-05-01
Brazil,Nossa Senhora A,2023-10-12
Brazil,Nossa Senhora A,2024-10-12
Brazil,Nossa Senhora A,2025-10-12
Brazil,Independência d,2023-09-07
Brazil,Independência d,2024-09-07
Brazil,Independência d,2025-09-07
Brazil,Proclamação da ,2023-11-15
Brazil,Proclamação da ,2024-11-15
Brazil,Proclamação da ,2025-11-15
Brazil,Quarta-feira de,2023-02-22
Brazil,Quarta-feira de,2024-02-14
Brazil,Quarta-feira de,2025-03-05
Canada,Boxing Day,2023-12-26
Canada,Boxing Day,2024-12-26
Canada,Boxing Day,2025-12-26
Canada,Canada Day,2023-07-01
Canada,Canada Day,2023-07-03
Canada,Canada Day,2024-07-01
Canada,Canada Day,2025-07-01
Canada,Family Day,2023-02-20
Canada,Family Day,2024-02-19
Canada,Family Day,2025-02-17
Canada,Labour Day,2023-09-04
Canada,Labour Day,2024-09-02
Canada,Labour Day,2025-09-01
Canada,Good Friday,2023-04-07
Canada,Good Friday,2024-03-29
Canada,Good Friday,2025-04-18
Canada,Thanksgiving,2023-10-09
Canada,Thanksgiving,2024-10-14
Canada,Thanksgiving,2025-10-13
Canada,Victoria Day,2023-05-22
Canada,Victoria Day,2024-05-20
Canada,Victoria Day,2025-05-19
Canada,Christmas Day,2023-12-25
Canada,Christmas Day,2024-12-25
Canada,Christmas Day,2025-12-25
Canada,Civic Holiday,2023-08-07
Canada,Civic Holiday,2024-08-05
Canada,Civic Holiday,2025-08-04
Canada,New Year's Day,2023-01-01
Canada,New Year's Day,2023-01-02
Canada,New Year's Day,2024-01-01
Canada,New Year's Day,2025-01-01
France,Noël,2023-12-25
France,Noël,2024-12-25
France,Noël,2025-12-25
France,Ascension,2023-05-18
France,Ascension,2024-05-09
France,Ascension,2025-05-29
France,Toussaint,2023-11-01
France,Toussaint,2024-11-01
France,Toussaint,2025-11-01
France,Assomption,2023-08-15
France,Assomption,2024-08-15
France,Assomption,2025-08-15
France,Jour de l'an,2023-01-01
France,Jour de l'an,2024-01-01
France,Jour de l'an,2025-01-01
France,Armistice 1918,2023-11-11
France,Armistice 1918,2024-11-11
France,Armistice 1918,2025-11-11
France,Armistice 1945,2023-05-08
France,Armistice 1945,2024-05-08
France,Armistice 1945,2025-05-08
France,Fête nationale,2023-07-14
France,Fête nationale,2024-07-14
France,Fête nationale,2025-07-14
France,Fête du Travail,2023-05-01
France,Fête du Travail,2024-05-01
France,Fête du Travail,2025-05-01
France,Lundi de Pâques,2023-04-10
France,Lundi de Pâques,2024-04-01
France,Lundi de Pâques,2025-04-21
France,Lundi de Pentec,2023-05-29
France,Lundi de Pentec,2024-05-20
France,Lundi de Pentec,2025-06-09
Mexico,Navidad [Christ,2023-12-25
Mexico,Navidad [Christ,2024-12-25
Mexico,Navidad [Christ,2025-12-25
Mexico,Año Nuevo [New ,2023-01-01
Mexico,Año Nuevo [New ,2023-01-02
Mexico,Año Nuevo [New ,2024-01-01
Mexico,Año Nuevo [New ,2025-01-01
Mexico,Día del Trabajo,2023-05-01
Mexico,Día del Trabajo,2024-05-01
Mexico,Día del Trabajo,2025-05-01
Mexico,Día de la Revol,2023-11-20
Mexico,Día de la Revol,2024-11-18
Mexico,Día de la Revol,2024-11-20
Mexico,Día de la Revol,2025-11-17
Mexico,Día de la Revol,2025-11-20
Mexico,Día de la Const,2023-02-05
Mexico,Día de la Const,2023-02-06
Mexico,Día de la Const,2024-02-05
Mexico,Día de la Const,2025-02-03
Mexico,Día de la Const,2025-02-05
Mexico,Día de la Indep,2023-09-15
Mexico,Día de la Indep,2023-09-16
Mexico,Día de la Indep,2024-09-16
Mexico,Día de la Indep,2025-09-16
Mexico,Natalicio de Be,2023-03-20
Mexico,Natalicio de Be,2023-03-21
Mexico,Natalicio de Be,2024-03-18
Mexico,Natalicio de Be,2024-03-21
Mexico,Natalicio de Be,2025-03-17
Mexico,Natalicio de Be,2025-03-21
Mexico,Transmisión del,2024-12-01
Mexico,Transmisión del,2024-12-02
Norway,Søndag,2023-01-08
Norway,Søndag,2023-01-15
Norway,Søndag,2023-01-22
Norway,Søndag,2023-01-29
Norway,Søndag,2023-02-05
Norway,Søndag,2023-02-12
Norway,Søndag,2023-02-19
Norway,Søndag,2023-02-26
Norway,Søndag,2023-03-05
Norway,Søndag,2023-03-12
Norway,Søndag,2023-03-19
Norway,Søndag,2023-03-26
Norway,Søndag,2023-04-02
Norway,Søndag,2023-04-16
Norway,Søndag,2023-04-23
Norway,Søndag,2023-04-30
Norway,Søndag,2023-05-07
Norway,Søndag,2023-05-14
Norway,Søndag,2023-05-21
Norway,Søndag,2023-06-04
Norway,Søndag,2023-06-11
Norway,Søndag,2023-06-18
Norway,Søndag,2023-06-25
Norway,Søndag,2023-07-02
Norway,Søndag,2023-07-09
Norway,Søndag,2023-07-16
Norway,Søndag,2023-07-23
Norway,Søndag,2023-07-30
Norway,Søndag,2023-08-06
Norway,Søndag,2023-08-13
Norway,Søndag,2023-08-20
Norway,Søndag,2023-08-27
Norway,Søndag,2023-09-03
Norway,Søndag,2023-09-10
Norway,Søndag,2023-09-17
Norway,Søndag,2023-09-24
Norway,Søndag,2023-10-01
Norway,Søndag,2023-10-08
Norway,Søndag,2023-10-15
Norway,Søndag,2023-10-22
Norway,Søndag,2023-10-29
Norway,Søndag,2023-11-05
Norway,Søndag,2023-11-12
Norway,Søndag,2023-11-19
Norway,Søndag,2023-11-26
Norway,Søndag,2023-12-03
Norway,Søndag,2023-12-10
Norway,Søndag,2023-12-17
Norway,Søndag,2023-12-24
Norway,Søndag,2023-12-31
Norway,Søndag,2024-01-07
Norway,Søndag,2024-01-14
Norway,Søndag,2024-01-21
Norway,Søndag,2024-01-28
Norway,Søndag,2024-02-04
Norway,Søndag,2024-02-11
Norway,Søndag,2024-02-18
Norway,Søndag,2024-02-25
Norway,Søndag,2024-03-03
Norway,Søndag,2024-03-10
Norway,Søndag,2024-03-17
Norway,Søndag,2024-03-24
Norway,Søndag,2024-04-07
Norway,Søndag,2024-04-14
Norway,Søndag,2024-04-21
Norway,Søndag,2024-04-28
Norway,Søndag,2024-05-05
Norway,Søndag,2024-05-12
Norway,Søndag,2024-05-26
Norway,Søndag,2024-06-02
Norway,Søndag,2024-06-09
Norway,Søndag,2024-06-16
Norway,Søndag,2024-06-23
Norway,Søndag,2024-06-30
Norway,Søndag,2024-07-07
Norway,Søndag,2024-07-14
Norway,Søndag,2024-07-21
Norway,Søndag,2024-07-28
Norway,Søndag,2024-08-04
Norway,Søndag,2024-08-11
Norway,Søndag,2024-08-18
Norway,Søndag,2024-08-25
Norway,Søndag,2024-09-01
Norway,Søndag,2024-09-08
Norway,Søndag,2024-09-15
Norway,Søndag,2024-09-22
Norway,Søndag,2024-09-29
Norway,Søndag,2024-10-06
Norway,Søndag,2024-10-13
Norway,Søndag,2024-10-20
Norway,Søndag,2024-10-27
Norway,Søndag,2024-11-03
Norway,Søndag,2024-11-10
Norway,Søndag,2024-11-17
Norway,Søndag,2024-11-24
Norway,Søndag,2024-12-01
Norway,Søndag,2024-12-08
Norway,Søndag,2024-12-15
Norway,Søndag,2024-12-22
Norway,Søndag,2024-12-29
Norway,Søndag,2025-01-05
Norway,Søndag,2025-01-12
Norway,Søndag,2025-01-19
Norway,Søndag,2025-01-26
Norway,Søndag,2025-02-02
Norway,Søndag,2025-02-09
Norway,Søndag,2025-02-16
Norway,Søndag,2025-02-23
Norway,Søndag,2025-03-02
Norway,Søndag,2025-03-09
Norway,Søndag,2025-03-16
Norway,Søndag,2025-03-23
Norway,Søndag,2025-03-30
Norway,Søndag,2025-04-06
Norway,Søndag,2025-04-13
Norway,Søndag,2025-04-27
Norway,Søndag,2025-05-04
Norway,Søndag,2025-05-11
Norway,Søndag,2025-05-18
Norway,Søndag,2025-05-25
Norway,Søndag,2025-06-01
Norway,Søndag,2025-06-15
Norway,Søndag,2025-06-22
Norway,Søndag,2025-06-29
Norway,Søndag,2025-07-06
Norway,Søndag,2025-07-13
Norway,Søndag,2025-07-20
Norway,Søndag,2025-07-27
Norway,Søndag,2025-08-03
Norway,Søndag,2025-08-10
Norway,Søndag,2025-08-17
Norway,Søndag,2025-08-24
Norway,Søndag,2025-08-31
Norway,Søndag,2025-09-07
Norway,Søndag,2025-09-14
Norway,Søndag,2025-09-21
Norway,Søndag,2025-09-28
Norway,Søndag,2025-10-05
Norway,Søndag,2025-10-12
Norway,Søndag,2025-10-19
Norway,Søndag,2025-10-26
Norway,Søndag,2025-11-02
Norway,Søndag,2025-11-09
Norway,Søndag,2025-11-16
Norway,Søndag,2025-11-23
Norway,Søndag,2025-11-30
Norway,Søndag,2025-12-07
Norway,Søndag,2025-12-14
Norway,Søndag,2025-12-21
Norway,Søndag,2025-12-28
Norway,Langfredag,2023-04-07
Norway,Langfredag,2024-03-29
Norway,Langfredag,2025-04-18
Norway,Grunnlovsdag,2023-05-17
Norway,Grunnlovsdag,2024-05-17
Norway,Grunnlovsdag,2025-05-17
Norway,Andre juledag,2023-12-26
Norway,Andre juledag,2024-12-26
Norway,Andre juledag,2025-12-26
Norway,Skjærtorsdag,2023-04-06
Norway,Skjærtorsdag,2024-03-28
Norway,Skjærtorsdag,2025-04-17
Norway,Andre pinsedag,2023-05-29
Norway,Andre pinsedag,2024-05-20
Norway,Andre pinsedag,2025-06-09
Norway,Andre påskedag,2023-04-10
Norway,Andre påskedag,2024-04-01
Norway,Andre påskedag,2025-04-21
Norway,Arbeidernes dag,2023-05-01
Norway,Arbeidernes dag,2024-05-01
Norway,Arbeidernes dag,2025-05-01
Norway,Første juledag,2023-12-25
Norway,Første juledag,2024-12-25
Norway,Første juledag,2025-12-25
Norway,Første nyttårsd,2024-01-01
Norway,Første nyttårsd,2025-01-01
Norway,Kristi himmelfa,2023-05-18
Norway,Kristi himmelfa,2024-05-09
Norway,Kristi himmelfa,2025-05-29
Norway,Første pinsedag,2023-05-28
Norway,Første pinsedag,2024-05-19
Norway,Første pinsedag,2025-06-08
Norway,Første påskedag,2023-04-09
Norway,Første påskedag,2024-03-31
Norway,Første påskedag,2025-04-20
Norway,Første nyttårsd,2023-01-01
Poland,Nowy Rok,2023-01-01
Poland,Nowy Rok,2024-01-01
Poland,Nowy Rok,2025-01-01
Poland,Zielone Świątki,2023-05-28
Poland,Zielone Świątki,2024-05-19
Poland,Zielone Świątki,2025-06-08
Poland,Święto Państwow,2023-05-01
Poland,Święto Państwow,2024-05-01
Poland,Święto Państwow,2025-05-01
Poland,Dzień Bożego Ci,2023-06-08
Poland,Dzień Bożego Ci,2024-05-30
Poland,Dzień Bożego Ci,2025-06-19
Poland,Niedziela Wielk,2023-04-09
Poland,Niedziela Wielk,2024-03-31
Poland,Niedziela Wielk,2025-04-20
Poland,Święto Trzech K,2023-01-06
Poland,Święto Trzech K,2024-01-06
Poland,Święto Trzech K,2025-01-06
Poland,Poniedziałek Wi,2023-04-10
Poland,Poniedziałek Wi,2024-04-01
Poland,Poniedziałek Wi,2025-04-21
Poland,Boże Narodzenie,2023-12-26
Poland,Boże Narodzenie,2024-12-26
Poland,Boże Narodzenie,2025-12-26
Poland,Święto Narodowe,2023-05-03
Poland,Święto Narodowe,2024-05-03
Poland,Święto Narodowe,2025-05-03
Poland,Boże Narodzenie,2023-12-25
Poland,Boże Narodzenie,2024-12-25
Poland,Boże Narodzenie,2025-12-25
Poland,Narodowe Święto,2023-11-11
Poland,Narodowe Święto,2024-11-11
Poland,Narodowe Święto,2025-11-11
Poland,Uroczystość Wsz,2023-11-01
Poland,Uroczystość Wsz,2024-11-01
Poland,Uroczystość Wsz,2025-11-01
Poland,Wniebowzięcie N,2023-08-15
Poland,Wniebowzięcie N,2024-08-15
Poland,Wniebowzięcie N,2025-08-15
Sweden,Söndag,2023-01-08
Sweden,Söndag,2023-01-15
Sweden,Söndag,2023-01-22
Sweden,Söndag,2023-01-29
Sweden,Söndag,2023-02-05
Sweden,Söndag,2023-02-12
Sweden,Söndag,2023-02-19
Sweden,Söndag,2023-02-26
Sweden,Söndag,2023-03-05
Sweden,Söndag,2023-03-12
Sweden,Söndag,2023-03-19
Sweden,Söndag,2023-03-26
Sweden,Söndag,2023-04-02
Sweden,Söndag,2023-04-16
Sweden,Söndag,2023-04-23
Sweden,Söndag,2023-04-30
Sweden,Söndag,2023-05-07
Sweden,Söndag,2023-05-14
Sweden,Söndag,2023-05-21
Sweden,Söndag,2023-06-04
Sweden,Söndag,2023-06-11
Sweden,Söndag,2023-06-18
Sweden,Söndag,2023-06-25
Sweden,Söndag,2023-07-02
Sweden,Söndag,2023-07-09
Sweden,Söndag,2023-07-16
Sweden,Söndag,2023-07-23
Sweden,Söndag,2023-07-30
Sweden,Söndag,2023-08-06
Sweden,Söndag,2023-08-13
Sweden,Söndag,2023-08-20
Sweden,Söndag,2023-08-27
Sweden,Söndag,2023-09-03
Sweden,Söndag,2023-09-10
Sweden,Söndag,2023-09-17
Sweden,Söndag,2023-09-24
Sweden,Söndag,2023-10-01
Sweden,Söndag,2023-10-08
Sweden,Söndag,2023-10-15
Sweden,Söndag,2023-10-22
Sweden,Söndag,2023-10-29
Sweden,Söndag,2023-11-05
Sweden,Söndag,2023-11-12
Sweden,Söndag,2023-11-19
Sweden,Söndag,2023-11-26
Sweden,Söndag,2023-12-03
Sweden,Söndag,2023-12-10
Sweden,Söndag,2023-12-17
Sweden,Söndag,2024-01-07
Sweden,Söndag,2024-01-14
Sweden,Söndag,2024-01-21
Sweden,Söndag,2024-01-28
Sweden,Söndag,2024-02-04
Sweden,Söndag,2024-02-11
Sweden,Söndag,2024-02-18
Sweden,Söndag,2024-02-25
Sweden,Söndag,2024-03-03
Sweden,Söndag,2024-03-10
Sweden,Söndag,2024-03-17
Sweden,Söndag,2024-03-24
Sweden,Söndag,2024-04-07
Sweden,Söndag,2024-04-14
Sweden,Söndag,2024-04-21
Sweden,Söndag,2024-04-28
Sweden,Söndag,2024-05-05
Sweden,Söndag,2024-05-12
Sweden,Söndag,2024-05-26
Sweden,Söndag,2024-06-02
Sweden,Söndag,2024-06-09
Sweden,Söndag,2024-06-16
Sweden,Söndag,2024-06-23
Sweden,Söndag,2024-06-30
Sweden,Söndag,2024-07-07
Sweden,Söndag,2024-07-14
Sweden,Söndag,2024-07-21
Sweden,Söndag,2024-07-28
Sweden,Söndag,2024-08-04
Sweden,Söndag,2024-08-11
Sweden,Söndag,2024-08-18
Sweden,Söndag,2024-08-25
Sweden,Söndag,2024-09-01
Sweden,Söndag,2024-09-08
Sweden,Söndag,2024-09-15
Sweden,Söndag,2024-09-22
Sweden,Söndag,2024-09-29
Sweden,Söndag,2024-10-06
Sweden,Söndag,2024-10-13
Sweden,Söndag,2024-10-20
Sweden,Söndag,2024-10-27
Sweden,Söndag,2024-11-03
Sweden,Söndag,2024-11-10
Sweden,Söndag,2024-11-17
Sweden,Söndag,2024-11-24
Sweden,Söndag,2024-12-01
Sweden,Söndag,2024-12-08
Sweden,Söndag,2024-12-15
Sweden,Söndag,2024-12-22
Sweden,Söndag,2024-12-29
Sweden,Söndag,2025-01-05
Sweden,Söndag,2025-01-12
Sweden,Söndag,2025-01-19
Sweden,Söndag,2025-01-26
Sweden,Söndag,2025-02-02
Sweden,Söndag,2025-02-09
Sweden,Söndag,2025-02-16
Sweden,Söndag,2025-02-23
Sweden,Söndag,2025-03-02
Sweden,Söndag,2025-03-09
Sweden,Söndag,2025-03-16
Sweden,Söndag,2025-03-23
Sweden,Söndag,2025-03-30
Sweden,Söndag,2025-04-06
Sweden,Söndag,2025-04-13
Sweden,Söndag,2025-04-27
Sweden,Söndag,2025-05-04
Sweden,Söndag,2025-05-11
Sweden,Söndag,2025-05-18
Sweden,Söndag,2025-05-25
Sweden,Söndag,2025-06-01
Sweden,Söndag,2025-06-15
Sweden,Söndag,2025-06-22
Sweden,Söndag,2025-06-29
Sweden,Söndag,2025-07-06
Sweden,Söndag,2025-07-13
Sweden,Söndag,2025-07-20
Sweden,Söndag,2025-07-27
Sweden,Söndag,2025-08-03
Sweden,Söndag,2025-08-10
Sweden,Söndag,2025-08-17
Sweden,Söndag,2025-08-24
Sweden,Söndag,2025-08-31
Sweden,Söndag,2025-09-07
Sweden,Söndag,2025-09-14
Sweden,Söndag,2025-09-21
Sweden,Söndag,2025-09-28
Sweden,Söndag,2025-10-05
Sweden,Söndag,2025-10-12
Sweden,Söndag,2025-10-19
Sweden,Söndag,2025-10-26
Sweden,Söndag,2025-11-02
Sweden,Söndag,2025-11-09
Sweden,Söndag,2025-11-16
Sweden,Söndag,2025-11-23
Sweden,Söndag,2025-11-30
Sweden,Söndag,2025-12-07
Sweden,Söndag,2025-12-14
Sweden,Söndag,2025-12-21
Sweden,Söndag,2025-12-28
Sweden,Julafton,2024-12-24
Sweden,Julafton,2025-12-24
Sweden,Juldagen,2023-12-25
Sweden,Juldagen,2024-12-25
Sweden,Juldagen,2025-12-25
Sweden,Första maj,2023-05-01
Sweden,Första maj,2024-05-01
Sweden,Första maj,2025-05-01
Sweden,Nyårsafton,2024-12-31
Sweden,Nyårsafton,2025-12-31
Sweden,Nyårsdagen,2024-01-01
Sweden,Nyårsdagen,2025-01-01
Sweden,Annandag jul,2023-12-26
Sweden,Annandag jul,2024-12-26
Sweden,Annandag jul,2025-12-26
Sweden,Långfredagen,2023-04-07
Sweden,Långfredagen,2024-03-29
Sweden,Långfredagen,2025-04-18
Sweden,Annandag påsk,2023-04-10
Sweden,Annandag påsk,2024-04-01
Sweden,Annandag påsk,2025-04-21
Sweden,Midsommarafton,2023-06-23
Sweden,Midsommarafton,2024-06-21
Sweden,Midsommarafton,2025-06-20
Sweden,Midsommardagen,2023-06-24
Sweden,Midsommardagen,2024-06-22
Sweden,Midsommardagen,2025-06-21
Sweden,Alla helgons da,2023-11-04
Sweden,Alla helgons da,2024-11-02
Sweden,Alla helgons da,2025-11-01
Sweden,Trettondedag ju,2023-01-06
Sweden,Trettondedag ju,2024-01-06
Sweden,Trettondedag ju,2025-01-06
Sweden,"Julafton, Sönda",2023-12-24
Sweden,"Påskdagen, Sönd",2023-04-09
Sweden,"Påskdagen, Sönd",2024-03-31
Sweden,"Påskdagen, Sönd",2025-04-20
Sweden,"Nyårsafton, Sön",2023-12-31
Sweden,"Nyårsdagen, Sön",2023-01-01
Sweden,"Pingstdagen, Sö",2023-05-28
Sweden,"Pingstdagen, Sö",2024-05-19
Sweden,"Pingstdagen, Sö",2025-06-08
Sweden,Sveriges nation,2023-06-06
Sweden,Sveriges nation,2024-06-06
Sweden,Sveriges nation,2025-06-06
Sweden,Kristi himmelsf,2023-05-18
Sweden,Kristi himmelsf,2024-05-09
Sweden,Kristi himmelsf,2025-05-29
Austria,Neujahr,2023-01-01
Austria,Neujahr,2024-01-01
Austria,Neujahr,2025-01-01
Austria,Christtag,2023-12-25
Austria,Christtag,2024-12-25
Austria,Christtag,2025-12-25
Austria,Stefanitag,2023-12-26
Austria,Stefanitag,2024-12-26
Austria,Stefanitag,2025-12-26
Austria,Ostermontag,2023-04-10
Austria,Ostermontag,2024-04-01
Austria,Ostermontag,2025-04-21
Austria,Fronleichnam,2023-06-08
Austria,Fronleichnam,2024-05-30
Austria,Fronleichnam,2025-06-19
Austria,Allerheiligen,2023-11-01
Austria,Allerheiligen,2024-11-01
Austria,Allerheiligen,2025-11-01
Austria,Pfingstmontag,2023-05-29
Austria,Pfingstmontag,2024-05-20
Austria,Pfingstmontag,2025-06-09
Austria,Staatsfeiertag,2023-05-01
Austria,Staatsfeiertag,2024-05-01
Austria,Staatsfeiertag,2025-05-01
Austria,Nationalfeierta,2023-10-26
Austria,Nationalfeierta,2024-10-26
Austria,Nationalfeierta,2025-10-26
Austria,Mariä Empfängni,2023-12-08
Austria,Mariä Empfängni,2024-12-08
Austria,Mariä Empfängni,2025-12-08
Austria,Mariä Himmelfah,2023-08-15
Austria,Mariä Himmelfah,2024-08-15
Austria,Mariä Himmelfah,2025-08-15
Austria,Christi Himmelf,2023-05-18
Austria,Christi Himmelf,2024-05-09
Austria,Christi Himmelf,2025-05-29
Austria,Heilige Drei Kö,2023-01-06
Austria,Heilige Drei Kö,2024-01-06
Austria,Heilige Drei Kö,2025-01-06
Belarus,Радуница,2023-04-25
Belarus,Радуница,2024-05-14
Belarus,Радуница,2025-04-29
Belarus,Новый год,2023-01-01
Belarus,Новый год,2023-01-02
Belarus,Новый год,2024-01-01
Belarus,Новый год,2024-01-02
Belarus,Новый год,2025-01-01
Belarus,Новый год,2025-01-02
Belarus,День Победы,2023-05-09
Belarus,День Победы,2024-05-09
Belarus,День Победы,2025-05-09
Belarus,День женщин,2023-03-08
Belarus,День женщин,2024-03-08
Belarus,День женщин,2025-03-08
Belarus,Праздник труда,2023-05-01
Belarus,Праздник труда,2024-05-01
Belarus,Праздник труда,2025-05-01
Belarus,День Октябрьско,2023-11-07
Belarus,День Октябрьско,2024-11-07
Belarus,День Октябрьско,2025-11-07
Belarus,Рождество Христ,2023-12-25
Belarus,Рождество Христ,2024-12-25
Belarus,Рождество Христ,2025-12-25
Belarus,Рождество Христ,2023-01-07
Belarus,Рождество Христ,2024-01-07
Belarus,Рождество Христ,2025-01-07
Belarus,День Независимо,2023-07-03
Belarus,День Независимо,2024-07-03
Belarus,День Независимо,2025-07-03
Belgium,Pasen,2023-04-09
Belgium,Pasen,2024-03-31
Belgium,Pasen,2025-04-20
Belgium,Kerstmis,2023-12-25
Belgium,Kerstmis,2024-12-25
Belgium,Kerstmis,2025-12-25
Belgium,Pinksteren,2023-05-28
Belgium,Pinksteren,2024-05-19
Belgium,Pinksteren,2025-06-08
Belgium,Paasmaandag,2023-04-10
Belgium,Paasmaandag,2024-04-01
Belgium,Paasmaandag,2025-04-21
Belgium,Allerheiligen,2023-11-01
Belgium,Allerheiligen,2024-11-01
Belgium,Allerheiligen,2025-11-01
Belgium,Nieuwjaarsdag,2023-01-01
Belgium,Nieuwjaarsdag,2024-01-01
Belgium,Nieuwjaarsdag,2025-01-01
Belgium,Wapenstilstand,2023-11-11
Belgium,Wapenstilstand,2024-11-11
Belgium,Wapenstilstand,2025-11-11
Belgium,Pinkstermaandag,2023-05-29
Belgium,Pinkstermaandag,2024-05-20
Belgium,Pinkstermaandag,2025-06-09
Belgium,Dag van de Arbe,2023-05-01
Belgium,Dag van de Arbe,2024-05-01
Belgium,Dag van de Arbe,2025-05-01
Belgium,O.L.H. Hemelvaa,2023-05-18
Belgium,O.L.H. Hemelvaa,2024-05-09
Belgium,O.L.H. Hemelvaa,2025-05-29
Belgium,O.L.V. Hemelvaa,2023-08-15
Belgium,O.L.V. Hemelvaa,2024-08-15
Belgium,O.L.V. Hemelvaa,2025-08-15
Belgium,Nationale feest,2023-07-21
Belgium,Nationale feest,2024-07-21
Belgium,Nationale feest,2025-07-21
Croatia,Uskrs,2023-04-09
Croatia,Uskrs,2024-03-31
Croatia,Uskrs,2025-04-20
Croatia,Božić,2023-12-25
Croatia,Božić,2024-12-25
Croatia,Božić,2025-12-25
Croatia,Tijelovo,2023-06-08
Croatia,Tijelovo,2024-05-30
Croatia,Tijelovo,2025-06-19
Croatia,Svi sveti,2023-11-01
Croatia,Svi sveti,2024-11-01
Croatia,Svi sveti,2025-11-01
Croatia,Nova Godina,2023-01-01
Croatia,Nova Godina,2024-01-01
Croatia,Nova Godina,2025-01-01
Croatia,Velika Gospa,2023-08-15
Croatia,Velika Gospa,2024-08-15
Croatia,Velika Gospa,2025-08-15
Croatia,Dan sjećanja,2023-11-18
Croatia,Dan sjećanja,2024-11-18
Croatia,Dan sjećanja,2025-11-18
Croatia,Sveti Stjepan,2023-12-26
Croatia,Sveti Stjepan,2024-12-26
Croatia,Sveti Stjepan,2025-12-26
Croatia,Dan neovisnosti,2023-10-08
Croatia,Dan neovisnosti,2024-10-08
Croatia,Dan neovisnosti,2025-10-08
Croatia,Sveta tri kralj,2023-01-06
Croatia,Sveta tri kralj,2024-01-06
Croatia,Sveta tri kralj,2025-01-06
Croatia,Uskrsni ponedje,2023-04-10
Croatia,Uskrsni ponedje,2024-04-01
Croatia,Uskrsni ponedje,2025-04-21
Croatia,Međunarodni pra,2023-05-01
Croatia,Međunarodni pra,2024-05-01
Croatia,Međunarodni pra,2025-05-01
Croatia,Dan antifašisti,2023-06-22
Croatia,Dan antifašisti,2024-06-22
Croatia,Dan antifašisti,2025-06-22
Croatia,Dan pobjede i d,2023-08-05
Croatia,Dan pobjede i d,2024-08-05
Croatia,Dan pobjede i d,2025-08-05
Czechia,Velký pátek,2023-04-07
Czechia,Velký pátek,2024-03-29
Czechia,Velký pátek,2025-04-18
Czechia,Štědrý den,2023-12-24
Czechia,Štědrý den,2024-12-24
Czechia,Štědrý den,2025-12-24
Czechia,Svátek práce,2023-05-01
Czechia,Svátek práce,2024-05-01
Czechia,Svátek práce,2025-05-01
Czechia,Den vítězství,2023-05-08
Czechia,Den vítězství,2024-05-08
Czechia,Den vítězství,2025-05-08
Czechia,1. svátek vánoč,2023-12-25
Czechia,1. svátek vánoč,2024-12-25
Czechia,1. svátek vánoč,2025-12-25
Czechia,2. svátek vánoč,2023-12-26
Czechia,2. svátek vánoč,2024-12-26
Czechia,2. svátek vánoč,2025-12-26
Czechia,Den české státn,2023-09-28
Czechia,Den české státn,2024-09-28
Czechia,Den české státn,2025-09-28
Czechia,Velikonoční pon,2023-04-10
Czechia,Velikonoční pon,2024-04-01
Czechia,Velikonoční pon,2025-04-21
Czechia,Den upálení mis,2023-07-06
Czechia,Den upálení mis,2024-07-06
Czechia,Den upálení mis,2025-07-06
Czechia,Den boje za svo,2023-11-17
Czechia,Den boje za svo,2024-11-17
Czechia,Den boje za svo,2025-11-17
Czechia,Den obnovy samo,2023-01-01
Czechia,Den obnovy samo,2024-01-01
Czechia,Den obnovy samo,2025-01-01
Czechia,Den slovanských,2023-07-05
Czechia,Den slovanských,2024-07-05
Czechia,Den slovanských,2025-07-05
Czechia,Den vzniku samo,2023-10-28
Czechia,Den vzniku samo,2024-10-28
Czechia,Den vzniku samo,2025-10-28
Denmark,Juledag,2023-12-25
Denmark,Juledag,2024-12-25
Denmark,Juledag,2025-12-25
Denmark,Pinsedag,2023-05-28
Denmark,Pinsedag,2024-05-19
Denmark,Pinsedag,2025-06-08
Denmark,Påskedag,2023-04-09
Denmark,Påskedag,2024-03-31
Denmark,Påskedag,2025-04-20
Denmark,Langfredag,2023-04-07
Denmark,Langfredag,2024-03-29
Denmark,Langfredag,2025-04-18
Denmark,Nytårsdag,2023-01-01
Denmark,Nytårsdag,2024-01-01
Denmark,Nytårsdag,2025-01-01
Denmark,Palmesøndag,2023-04-02
Denmark,Palmesøndag,2024-03-24
Denmark,Palmesøndag,2025-04-13
Denmark,Skærtorsdag,2023-04-06
Denmark,Skærtorsdag,2024-03-28
Denmark,Skærtorsdag,2025-04-17
Denmark,Anden juledag,2023-12-26
Denmark,Anden juledag,2024-12-26
Denmark,Anden juledag,2025-12-26
Denmark,Store bededag,2023-05-05
Denmark,Store bededag,2024-04-26
Denmark,Store bededag,2025-05-16
Denmark,Anden pinsedag,2023-05-29
Denmark,Anden pinsedag,2024-05-20
Denmark,Anden pinsedag,2025-06-09
Denmark,Anden påskedag,2023-04-10
Denmark,Anden påskedag,2024-04-01
Denmark,Anden påskedag,2025-04-21
Denmark,Kristi himmelfa,2023-05-18
Denmark,Kristi himmelfa,2024-05-09
Denmark,Kristi himmelfa,2025-05-29
England,May Day,2023-05-01
England,May Day,2024-05-06
England,May Day,2025-05-05
England,Boxing Day,2023-12-26
England,Boxing Day,2024-12-26
England,Boxing Day,2025-12-26
England,Good Friday,2023-04-07
England,Good Friday,2024-03-29
England,Good Friday,2025-04-18
England,Christmas Day,2023-12-25
England,Christmas Day,2024-12-25
England,Christmas Day,2025-12-25
England,Easter Monday,2023-04-10
England,Easter Monday,2024-04-01
England,Easter Monday,2025-04-21
England,New Year's Day,2023-01-01
England,New Year's Day,2023-01-02
England,New Year's Day,2024-01-01
England,New Year's Day,2025-01-01
England,Spring Bank Hol,2023-05-29
England,Spring Bank Hol,2024-05-27
England,Spring Bank Hol,2025-05-26
England,Late Summer Ban,2023-08-28
England,Late Summer Ban,2024-08-26
England,Late Summer Ban,2025-08-25
Finland,Vappu,2023-05-01
Finland,Vappu,2024-05-01
Finland,Vappu,2025-05-01
Finland,Jouluaatto,2023-12-24
Finland,Jouluaatto,2024-12-24
Finland,Jouluaatto,2025-12-24
Finland,Loppiainen,2023-01-06
Finland,Loppiainen,2024-01-06
Finland,Loppiainen,2025-01-06
Finland,Helatorstai,2023-05-18
Finland,Helatorstai,2024-05-09
Finland,Helatorstai,2025-05-29
Finland,Joulupäivä,2023-12-25
Finland,Joulupäivä,2024-12-25
Finland,Joulupäivä,2025-12-25
Finland,Juhannusaatto,2023-06-23
Finland,Juhannusaatto,2024-06-21
Finland,Juhannusaatto,2025-06-20
Finland,Pyhäinpäivä,2023-11-04
Finland,Pyhäinpäivä,2024-11-02
Finland,Pyhäinpäivä,2025-11-01
Finland,Tapaninpäivä,2023-12-26
Finland,Tapaninpäivä,2024-12-26
Finland,Tapaninpäivä,2025-12-26
Finland,Juhannuspäivä,2023-06-24
Finland,Juhannuspäivä,2024-06-22
Finland,Juhannuspäivä,2025-06-21
Finland,Pitkäperjantai,2023-04-07
Finland,Pitkäperjantai,2024-03-29
Finland,Pitkäperjantai,2025-04-18
Finland,Helluntaipäivä,2023-05-28
Finland,Helluntaipäivä,2024-05-19
Finland,Helluntaipäivä,2025-06-08
Finland,Pääsiäispäivä,2023-04-09
Finland,Pääsiäispäivä,2024-03-31
Finland,Pääsiäispäivä,2025-04-20
Finland,Uudenvuodenpäiv,2023-01-01
Finland,Uudenvuodenpäiv,2024-01-01
Finland,Uudenvuodenpäiv,2025-01-01
Finland,Itsenäisyyspäiv,2023-12-06
Finland,Itsenäisyyspäiv,2024-12-06
Finland,Itsenäisyyspäiv,2025-12-06
Finland,2. pääsiäispäiv,2023-04-10
Finland,2. pääsiäispäiv,2024-04-01
Finland,2. pääsiäispäiv,2025-04-21
Germany,Neujahr,2023-01-01
Germany,Neujahr,2024-01-01
Germany,Neujahr,2025-01-01
Germany,Erster Mai,2023-05-01
Germany,Erster Mai,2024-05-01
Germany,Erster Mai,2025-05-01
Germany,Karfreitag,2023-04-07
Germany,Karfreitag,2024-03-29
Germany,Karfreitag,2025-04-18
Germany,Ostermontag,2023-04-10
Germany,Ostermontag,2024-04-01
Germany,Ostermontag,2025-04-21
Germany,Pfingstmontag,2023-05-29
Germany,Pfingstmontag,2024-05-20
Germany,Pfingstmontag,2025-06-09
Germany,Christi Himmelf,2023-05-18
Germany,Christi Himmelf,2024-05-09
Germany,Christi Himmelf,2025-05-29
Germany,Erster Weihnach,2023-12-25
Germany,Erster Weihnach,2024-12-25
Germany,Erster Weihnach,2025-12-25
Germany,Zweiter Weihnac,2023-12-26
Germany,Zweiter Weihnac,2024-12-26
Germany,Zweiter Weihnac,2025-12-26
Germany,Tag der Deutsch,2023-10-03
Germany,Tag der Deutsch,2024-10-03
Germany,Tag der Deutsch,2025-10-03
Hungary,Újév,2023-01-01
Hungary,Újév,2024-01-01
Hungary,Újév,2025-01-01
Hungary,Húsvét,2023-04-09
Hungary,Húsvét,2024-03-31
Hungary,Húsvét,2025-04-20
Hungary,Pünkösd,2023-05-28
Hungary,Pünkösd,2024-05-19
Hungary,Pünkösd,2025-06-08
Hungary,Szenteste,2024-12-24
Hungary,Szenteste,2025-12-24
Hungary,Karácsony,2023-12-25
Hungary,Karácsony,2024-12-25
Hungary,Karácsony,2025-12-25
Hungary,Nagypéntek,2023-04-07
Hungary,Nagypéntek,2024-03-29
Hungary,Nagypéntek,2025-04-18
Hungary,Mindenszentek,2023-11-01
Hungary,Mindenszentek,2024-11-01
Hungary,Mindenszentek,2025-11-01
Hungary,Nemzeti ünnep,2023-03-15
Hungary,Nemzeti ünnep,2023-10-23
Hungary,Nemzeti ünnep,2024-03-15
Hungary,Nemzeti ünnep,2024-10-23
Hungary,Nemzeti ünnep,2025-03-15
Hungary,Nemzeti ünnep,2025-10-23
Hungary,A Munka ünnepe,2023-05-01
Hungary,A Munka ünnepe,2024-05-01
Hungary,A Munka ünnepe,2025-05-01
Hungary,Húsvét Hétfő,2023-04-10
Hungary,Húsvét Hétfő,2024-04-01
Hungary,Húsvét Hétfő,2025-04-21
Hungary,Pünkösdhétfő,2023-05-29
Hungary,Pünkösdhétfő,2024-05-20
Hungary,Pünkösdhétfő,2025-06-09
Hungary,Karácsony másna,2023-12-26
Hungary,Karácsony másna,2024-12-26
Hungary,Karácsony másna,2025-12-26
Hungary,Az államalapítá,2023-08-20
Hungary,Az államalapítá,2024-08-20
Hungary,Az államalapítá,2025-08-20
Hungary,Nemzeti ünnep u,2025-10-24
Hungary,A Munka ünnepe ,2025-05-02
Hungary,Karácsony másna,2024-12-27
Hungary,Az államalapítá,2024-08-19
Ireland,May Day,2023-05-01
Ireland,May Day,2024-05-06
Ireland,May Day,2025-05-05
Ireland,Boxing Day,2023-12-26
Ireland,Boxing Day,2024-12-26
Ireland,Boxing Day,2025-12-26
Ireland,Christmas Day,2023-12-25
Ireland,Christmas Day,2024-12-25
Ireland,Christmas Day,2025-12-25
Ireland,Easter Monday,2023-04-10
Ireland,Easter Monday,2024-04-01
Ireland,Easter Monday,2025-04-21
Ireland,New Year's Day,2023-01-01
Ireland,New Year's Day,2023-01-02
Ireland,New Year's Day,2024-01-01
Ireland,New Year's Day,2025-01-01
Ireland,June Bank Holid,2023-06-05
Ireland,June Bank Holid,2024-06-03
Ireland,June Bank Holid,2025-06-02
Ireland,St. Patrick's D,2023-03-17
Ireland,St. Patrick's D,2024-03-17
Ireland,St. Patrick's D,2024-03-18
Ireland,St. Patrick's D,2025-03-17
Ireland,Summer Bank Hol,2023-08-07
Ireland,Summer Bank Hol,2024-08-05
Ireland,Summer Bank Hol,2025-08-04
Ireland,October Bank Ho,2023-10-30
Ireland,October Bank Ho,2024-10-28
Ireland,October Bank Ho,2025-10-27
Ukraine,Трійця,2023-06-04
Ukraine,Трійця,2024-06-23
Ukraine,Трійця,2025-06-08
Ukraine,Новий рік,2023-01-01
Ukraine,Новий рік,2024-01-01
Ukraine,Новий рік,2025-01-01
Ukraine,День праці,2023-05-01
Ukraine,День праці,2024-05-01
Ukraine,День праці,2025-05-01
Ukraine,День перемоги,2023-05-09
Ukraine,День перемоги,2024-05-09
Ukraine,День перемоги,2025-05-09
Ukraine,Пасха (Великден,2023-04-16
Ukraine,Пасха (Великден,2024-05-05
Ukraine,Пасха (Великден,2025-04-20
Ukraine,День захисника ,2023-10-14
Ukraine,День захисника ,2024-10-14
Ukraine,День захисника ,2025-10-14
Ukraine,День Конституці,2023-06-28
Ukraine,День Конституці,2024-06-28
Ukraine,День Конституці,2025-06-28
Ukraine,Міжнародний жін,2023-03-08
Ukraine,Міжнародний жін,2024-03-08
Ukraine,Міжнародний жін,2025-03-08
Ukraine,День незалежнос,2023-08-24
Ukraine,День незалежнос,2024-08-24
Ukraine,День незалежнос,2025-08-24
Ukraine,Різдво Христове,2023-12-25
Ukraine,Різдво Христове,2024-12-25
Ukraine,Різдво Христове,2025-12-25
Ukraine,Різдво Христове,2023-01-07
Ukraine,Різдво Христове,2024-01-07
Ukraine,Різдво Христове,2025-01-07
Colombia,Navidad [Christ,2023-12-25
Colombia,Navidad [Christ,2024-12-25
Colombia,Navidad [Christ,2025-12-25
Colombia,Año Nuevo [New ,2024-01-01
Colombia,Año Nuevo [New ,2025-01-01
Colombia,Viernes Santo [,2023-04-07
Colombia,Viernes Santo [,2024-03-29
Colombia,Viernes Santo [,2025-04-18
Colombia,Día del Trabajo,2023-05-01
Colombia,Día del Trabajo,2024-05-01
Colombia,Día del Trabajo,2025-05-01
Colombia,Jueves Santo [M,2023-04-06
Colombia,Jueves Santo [M,2024-03-28
Colombia,Jueves Santo [M,2025-04-17
Colombia,Corpus Christi ,2023-06-12
Colombia,Corpus Christi ,2024-06-03
Colombia,Corpus Christi ,2025-06-23
Colombia,Sagrado Corazón,2023-06-19
Colombia,Sagrado Corazón,2024-06-10
Colombia,La Asunción [As,2023-08-21
Colombia,La Asunción [As,2024-08-19
Colombia,La Asunción [As,2025-08-18
Colombia,Día de los Reye,2023-01-09
Colombia,Día de los Reye,2024-01-08
Colombia,Día de los Reye,2025-01-06
Colombia,Batalla de Boya,2023-08-07
Colombia,Batalla de Boya,2024-08-07
Colombia,Batalla de Boya,2025-08-07
Colombia,Día de San José,2023-03-20
Colombia,Día de San José,2024-03-25
Colombia,Día de San José,2025-03-24
Colombia,Dia de Todos lo,2023-11-06
Colombia,Dia de Todos lo,2024-11-04
Colombia,Dia de Todos lo,2025-11-03
Colombia,Ascensión del s,2023-05-22
Colombia,Ascensión del s,2024-05-13
Colombia,Ascensión del s,2025-06-02
Colombia,Día de la Indep,2023-07-20
Colombia,Descubrimiento ,2023-10-16
Colombia,Descubrimiento ,2024-10-14
Colombia,Descubrimiento ,2025-10-13
Colombia,La Inmaculada C,2023-12-08
Colombia,La Inmaculada C,2025-12-08
Colombia,San Pedro y San,2023-07-03
Colombia,San Pedro y San,2024-07-01
Colombia,Independencia d,2023-11-13
Colombia,Independencia d,2024-11-11
Colombia,Independencia d,2025-11-17
Colombia,Sagrado Corazón,2025-06-30
Portugal,Páscoa,2023-04-09
Portugal,Páscoa,2024-03-31
Portugal,Páscoa,2025-04-20
Portugal,Ano Novo,2023-01-01
Portugal,Ano Novo,2024-01-01
Portugal,Ano Novo,2025-01-01
Portugal,Dia de Natal,2023-12-25
Portugal,Dia de Natal,2024-12-25
Portugal,Dia de Natal,2025-12-25
Portugal,Corpo de Deus,2023-06-08
Portugal,Corpo de Deus,2024-05-30
Portugal,Corpo de Deus,2025-06-19
Portugal,Dia de Portugal,2023-06-10
Portugal,Dia de Portugal,2024-06-10
Portugal,Dia de Portugal,2025-06-10
Portugal,Dia da Liberdad,2023-04-25
Portugal,Dia da Liberdad,2024-04-25
Portugal,Dia da Liberdad,2025-04-25
Portugal,Sexta-feira San,2023-04-07
Portugal,Sexta-feira San,2024-03-29
Portugal,Sexta-feira San,2025-04-18
Portugal,Dia do Trabalha,2023-05-01
Portugal,Dia do Trabalha,2024-05-01
Portugal,Dia do Trabalha,2025-05-01
Portugal,Imaculada Conce,2023-12-08
Portugal,Imaculada Conce,2024-12-08
Portugal,Imaculada Conce,2025-12-08
Portugal,Dia de Todos os,2023-11-01
Portugal,Dia de Todos os,2024-11-01
Portugal,Dia de Todos os,2025-11-01
Portugal,Assunção de Nos,2023-08-15
Portugal,Assunção de Nos,2024-08-15
Portugal,Assunção de Nos,2025-08-15
Portugal,Implantação da ,2023-10-05
Portugal,Implantação da ,2024-10-05
Portugal,Implantação da ,2025-10-05
Portugal,Restauração da ,2023-12-01
Portugal,Restauração da ,2024-12-01
Portugal,Restauração da ,2025-12-01
Scotland,May Day,2023-05-01
Scotland,May Day,2024-05-06
Scotland,May Day,2025-05-05
Scotland,Boxing Day,2023-12-26
Scotland,Boxing Day,2024-12-26
Scotland,Boxing Day,2025-12-26
Scotland,Good Friday,2023-04-07
Scotland,Good Friday,2024-03-29
Scotland,Good Friday,2025-04-18
Scotland,Christmas Day,2023-12-25
Scotland,Christmas Day,2024-12-25
Scotland,Christmas Day,2025-12-25
Scotland,New Year's Day,2023-01-01
Scotland,New Year's Day,2024-01-01
Scotland,New Year's Day,2025-01-01
Scotland,New Year Holida,2023-01-03
Scotland,New Year Holida,2024-01-02
Scotland,New Year Holida,2025-01-02
Scotland,St. Andrew's Da,2023-11-30
Scotland,St. Andrew's Da,2024-11-30
Scotland,St. Andrew's Da,2025-11-30
Scotland,Spring Bank Hol,2023-05-29
Scotland,Spring Bank Hol,2024-05-27
Scotland,Spring Bank Hol,2025-05-26
Scotland,Summer Bank Hol,2023-08-07
Scotland,Summer Bank Hol,2024-08-05
Scotland,Summer Bank Hol,2025-08-04
Scotland,New Year Holida,2023-01-02
Slovenia,Božič,2023-12-25
Slovenia,Božič,2024-12-25
Slovenia,Božič,2025-12-25
Slovenia,novo leto,2023-01-01
Slovenia,novo leto,2023-01-02
Slovenia,novo leto,2024-01-01
Slovenia,novo leto,2024-01-02
Slovenia,novo leto,2025-01-01
Slovenia,novo leto,2025-01-02
Slovenia,praznik dela,2023-05-01
Slovenia,praznik dela,2023-05-02
Slovenia,praznik dela,2024-05-01
Slovenia,praznik dela,2024-05-02
Slovenia,praznik dela,2025-05-01
Slovenia,praznik dela,2025-05-02
Slovenia,Prešernov dan,2023-02-08
Slovenia,Prešernov dan,2024-02-08
Slovenia,Prešernov dan,2025-02-08
Slovenia,dan državnosti,2023-06-25
Slovenia,dan državnosti,2024-06-25
Slovenia,dan državnosti,2025-06-25
Slovenia,dan reformacije,2023-10-31
Slovenia,dan reformacije,2024-10-31
Slovenia,dan reformacije,2025-10-31
Slovenia,Marijino vnebov,2023-08-15
Slovenia,Marijino vnebov,2024-08-15
Slovenia,Marijino vnebov,2025-08-15
Slovenia,dan spomina na ,2023-11-01
Slovenia,dan spomina na ,2024-11-01
Slovenia,dan spomina na ,2025-11-01
Slovenia,Velikonočni pon,2023-04-10
Slovenia,Velikonočni pon,2024-04-01
Slovenia,Velikonočni pon,2025-04-21
Slovenia,dan upora proti,2023-04-27
Slovenia,dan upora proti,2024-04-27
Slovenia,dan upora proti,2025-04-27
Slovenia,dan samostojnos,2023-12-26
Slovenia,dan samostojnos,2024-12-26
Slovenia,dan samostojnos,2025-12-26
Argentina,Navidad [Christ,2023-12-25
Argentina,Navidad [Christ,2024-12-25
Argentina,Navidad [Christ,2025-12-25
Argentina,Año Nuevo [New ,2023-01-01
Argentina,Año Nuevo [New ,2024-01-01
Argentina,Año Nuevo [New ,2025-01-01
Argentina,Día de Pascuas ,2023-04-09
Argentina,Día de Pascuas ,2024-03-31
Argentina,Día de Pascuas ,2025-04-20
Argentina,Día del Trabajo,2023-05-01
Argentina,Día del Trabajo,2024-05-01
Argentina,Día del Trabajo,2025-05-01
Argentina,Día de Carnaval,2023-02-20
Argentina,Día de Carnaval,2023-02-21
Argentina,Día de Carnaval,2024-02-12
Argentina,Día de Carnaval,2024-02-13
Argentina,Día de Carnaval,2025-03-03
Argentina,Día de Carnaval,2025-03-04
Argentina,Día de la Indep,2023-07-09
Argentina,Día de la Indep,2024-07-09
Argentina,Día de la Indep,2025-07-09
Argentina,La Inmaculada C,2023-12-08
Argentina,La Inmaculada C,2024-12-08
Argentina,La Inmaculada C,2025-12-08
Argentina,Día de la Revol,2023-05-25
Argentina,Día de la Revol,2024-05-25
Argentina,Día de la Revol,2025-05-25
Argentina,Semana Santa (V,2023-04-07
Argentina,Semana Santa (V,2024-03-29
Argentina,Semana Santa (V,2025-04-18
Argentina,Semana Santa (J,2023-04-06
Argentina,Semana Santa (J,2024-03-28
Argentina,Semana Santa (J,2025-04-17
Argentina,Día Nacional de,2023-11-20
Argentina,Día Nacional de,2024-11-20
Argentina,Día Nacional de,2025-11-20
Argentina,Día del Respeto,2023-10-12
Argentina,Día del Respeto,2024-10-12
Argentina,Día del Respeto,2025-10-12
Argentina,Día Nacional de,2023-03-24
Argentina,Día Nacional de,2024-03-24
Argentina,Día Nacional de,2025-03-24
Argentina,Día del Veteran,2023-04-02
Argentina,Día del Veteran,2024-04-02
Argentina,Día del Veteran,2025-04-02
Argentina,Día Pase a la I,2023-06-20
Argentina,Día Pase a la I,2024-06-20
Argentina,Día Pase a la I,2025-06-20
Argentina,Día Pase a la I,2023-08-17
Argentina,Día Pase a la I,2024-08-17
Argentina,Día Pase a la I,2025-08-17
Argentina,Día Pase a la I,2023-06-17
Argentina,Día Pase a la I,2024-06-17
Argentina,Día Pase a la I,2025-06-17
Australia,Anzac Day,2023-04-25
Australia,Anzac Day,2024-04-25
Australia,Anzac Day,2025-04-25
Australia,Boxing Day,2023-12-26
Australia,Boxing Day,2024-12-26
Australia,Boxing Day,2025-12-26
Australia,Good Friday,2023-04-07
Australia,Good Friday,2024-03-29
Australia,Good Friday,2025-04-18
Australia,Australia Day,2023-01-26
Australia,Australia Day,2024-01-26
Australia,Australia Day,2025-01-26
Australia,Australia Day,2025-01-27
Australia,Christmas Day,2023-12-25
Australia,Christmas Day,2024-12-25
Australia,Christmas Day,2025-12-25
Australia,Easter Monday,2023-04-10
Australia,Easter Monday,2024-04-01
Australia,Easter Monday,2025-04-21
Australia,New Year's Day,2023-01-01
Australia,New Year's Day,2023-01-02
Australia,New Year's Day,2024-01-01
Australia,New Year's Day,2025-01-01
Isle of Man,May Day,2023-05-01
Isle of Man,May Day,2024-05-06
Isle of Man,May Day,2025-05-05
Isle of Man,Boxing Day,2023-12-26
Isle of Man,Boxing Day,2024-12-26
Isle of Man,Boxing Day,2025-12-26
Isle of Man,Good Friday,2023-04-07
Isle of Man,Good Friday,2024-03-29
Isle of Man,Good Friday,2025-04-18
Isle of Man,Tynwald Day,2023-07-05
Isle of Man,Tynwald Day,2024-07-05
Isle of Man,Tynwald Day,2025-07-05
Isle of Man,Christmas Day,2023-12-25
Isle of Man,Christmas Day,2024-12-25
Isle of Man,Christmas Day,2025-12-25
Isle of Man,Easter Monday,2023-04-10
Isle of Man,Easter Monday,2024-04-01
Isle of Man,Easter Monday,2025-04-21
Isle of Man,New Year's Day,2023-01-01
Isle of Man,New Year's Day,2023-01-02
Isle of Man,New Year's Day,2024-01-01
Isle of Man,New Year's Day,2025-01-01
Isle of Man,TT Bank Holiday,2023-06-02
Isle of Man,TT Bank Holiday,2024-06-07
Isle of Man,TT Bank Holiday,2025-06-06
Isle of Man,Spring Bank Hol,2023-05-29
Isle of Man,Spring Bank Hol,2024-05-27
Isle of Man,Spring Bank Hol,2025-05-26
Isle of Man,Late Summer Ban,2023-08-28
Isle of Man,Late Summer Ban,2024-08-26
Isle of Man,Late Summer Ban,2025-08-25
Netherlands,Hemelvaart,2023-05-18
Netherlands,Hemelvaart,2024-05-09
Netherlands,Hemelvaart,2025-05-29
Netherlands,Koningsdag,2023-04-27
Netherlands,Koningsdag,2024-04-27
Netherlands,Koningsdag,2025-04-26
Netherlands,Goede Vrijdag,2023-04-07
Netherlands,Goede Vrijdag,2024-03-29
Netherlands,Goede Vrijdag,2025-04-18
Netherlands,Nieuwjaarsdag,2023-01-01
Netherlands,Nieuwjaarsdag,2024-01-01
Netherlands,Nieuwjaarsdag,2025-01-01
Netherlands,Bevrijdingsdag,2025-05-05
Netherlands,Eerste paasdag,2023-04-09
Netherlands,Eerste paasdag,2024-03-31
Netherlands,Eerste paasdag,2025-04-20
Netherlands,Tweede paasdag,2023-04-10
Netherlands,Tweede paasdag,2024-04-01
Netherlands,Tweede paasdag,2025-04-21
Netherlands,Eerste Kerstdag,2023-12-25
Netherlands,Eerste Kerstdag,2024-12-25
Netherlands,Eerste Kerstdag,2025-12-25
Netherlands,Tweede Kerstdag,2023-12-26
Netherlands,Tweede Kerstdag,2024-12-26
Netherlands,Tweede Kerstdag,2025-12-26
Netherlands,Eerste Pinkster,2023-05-28
Netherlands,Eerste Pinkster,2024-05-19
Netherlands,Eerste Pinkster,2025-06-08
Netherlands,Tweede Pinkster,2023-05-29
Netherlands,Tweede Pinkster,2024-05-20
Netherlands,Tweede Pinkster,2025-06-09
New Zealand,Anzac Day,2023-04-25
New Zealand,Anzac Day,2024-04-25
New Zealand,Anzac Day,2025-04-25
New Zealand,Boxing Day,2023-12-26
New Zealand,Boxing Day,2024-12-26
New Zealand,Boxing Day,2025-12-26
New Zealand,Labour Day,2023-10-23
New Zealand,Labour Day,2024-10-28
New Zealand,Labour Day,2025-10-27
New Zealand,Good Friday,2023-04-07
New Zealand,Good Friday,2024-03-29
New Zealand,Good Friday,2025-04-18
New Zealand,Waitangi Day,2023-02-06
New Zealand,Waitangi Day,2024-02-06
New Zealand,Waitangi Day,2025-02-06
New Zealand,Christmas Day,2023-12-25
New Zealand,Christmas Day,2024-12-25
New Zealand,Christmas Day,2025-12-25
New Zealand,Easter Monday,2023-04-10
New Zealand,Easter Monday,2024-04-01
New Zealand,Easter Monday,2025-04-21
New Zealand,New Year's Day,2023-01-01
New Zealand,New Year's Day,2023-01-03
New Zealand,New Year's Day,2024-01-01
New Zealand,New Year's Day,2025-01-01
New Zealand,Queen's Birthda,2023-06-05
New Zealand,Queen's Birthda,2024-06-03
New Zealand,Queen's Birthda,2025-06-02
New Zealand,Day after New Y,2023-01-02
New Zealand,Day after New Y,2024-01-02
New Zealand,Day after New Y,2025-01-02
Switzerland,Ostern,2023-04-09
Switzerland,Ostern,2024-03-31
Switzerland,Ostern,2025-04-20
Switzerland,Auffahrt,2023-05-18
Switzerland,Auffahrt,2024-05-09
Switzerland,Auffahrt,2025-05-29
Switzerland,Pfingsten,2023-05-28
Switzerland,Pfingsten,2024-05-19
Switzerland,Pfingsten,2025-06-08
Switzerland,Karfreitag,2023-04-07
Switzerland,Karfreitag,2024-03-29
Switzerland,Karfreitag,2025-04-18
Switzerland,Ostermontag,2023-04-10
Switzerland,Ostermontag,2024-04-01
Switzerland,Ostermontag,2025-04-21
Switzerland,Weihnachten,2023-12-25
Switzerland,Weihnachten,2024-12-25
Switzerland,Weihnachten,2025-12-25
Switzerland,Neujahrestag,2023-01-01
Switzerland,Neujahrestag,2024-01-01
Switzerland,Neujahrestag,2025-01-01
Switzerland,Pfingstmontag,2023-05-29
Switzerland,Pfingstmontag,2024-05-20
Switzerland,Pfingstmontag,2025-06-09
Switzerland,Nationalfeierta,2023-08-01
Switzerland,Nationalfeierta,2024-08-01
Switzerland,Nationalfeierta,2025-08-01
South Africa,Youth Day,2023-06-16
South Africa,Youth Day,2024-06-16
South Africa,Youth Day,2024-06-17
South Africa,Youth Day,2025-06-16
South Africa,Family Day,2023-04-10
South Africa,Family Day,2024-04-01
South Africa,Family Day,2025-04-21
South Africa,Freedom Day,2023-04-27
South Africa,Freedom Day,2024-04-27
South Africa,Freedom Day,2025-04-27
South Africa,Freedom Day,2025-04-28
South Africa,Good Friday,2023-04-07
South Africa,Good Friday,2024-03-29
South Africa,Good Friday,2025-04-18
South Africa,Heritage Day,2023-09-24
South Africa,Heritage Day,2023-09-25
South Africa,Heritage Day,2024-09-24
South Africa,Heritage Day,2025-09-24
South Africa,Workers' Day,2023-05-01
South Africa,Workers' Day,2024-05-01
South Africa,Workers' Day,2025-05-01
South Africa,Christmas Day,2023-12-25
South Africa,Christmas Day,2024-12-25
South Africa,Christmas Day,2025-12-25
South Africa,New Year's Day,2023-01-01
South Africa,New Year's Day,2023-01-02
South Africa,New Year's Day,2024-01-01
South Africa,New Year's Day,2025-01-01
South Africa,Day of Goodwill,2023-12-26
South Africa,Day of Goodwill,2024-12-26
South Africa,Day of Goodwill,2025-12-26
South Africa,Human Rights Da,2023-03-21
South Africa,Human Rights Da,2024-03-21
South Africa,Human Rights Da,2025-03-21
South Africa,National Women',2023-08-09
South Africa,National Women',2024-08-09
South Africa,National Women',2025-08-09
South Africa,Day of Reconcil,2023-12-16
South Africa,Day of Reconcil,2024-12-16
South Africa,Day of Reconcil,2025-12-16
United States,Labor Day,2023-09-04
United States,Labor Day,2024-09-02
United States,Labor Day,2025-09-01
United States,Columbus Day,2023-10-09
United States,Columbus Day,2024-10-14
United States,Columbus Day,2025-10-13
United States,Memorial Day,2023-05-29
United States,Memorial Day,2024-05-27
United States,Memorial Day,2025-05-26
United States,Thanksgiving,2023-11-23
United States,Thanksgiving,2024-11-28
United States,Thanksgiving,2025-11-27
United States,Veterans Day,2023-11-10
United States,Veterans Day,2023-11-11
United States,Veterans Day,2024-11-11
United States,Veterans Day,2025-11-11
United States,Christmas Day,2023-12-25
United States,Christmas Day,2024-12-25
United States,Christmas Day,2025-12-25
United States,New Year's Day,2023-01-01
United States,New Year's Day,2023-01-02
United States,New Year's Day,2024-01-01
United States,New Year's Day,2025-01-01
United States,Independence Da,2023-07-04
United States,Independence Da,2024-07-04
United States,Independence Da,2025-07-04
United States,Washington's Bi,2023-02-20
United States,Washington's Bi,2024-02-19
United States,Washington's Bi,2025-02-17
United States,Martin Luther K,2023-01-16
United States,Martin Luther K,2024-01-15
United States,Martin Luther K,2025-01-20
United Kingdom,May Day,2023-05-01
United Kingdom,May Day,2024-05-06
United Kingdom,May Day,2025-05-05
United Kingdom,Boxing Day,2023-12-26
United Kingdom,Boxing Day,2024-12-26
United Kingdom,Boxing Day,2025-12-26
United Kingdom,Good Friday,2023-04-07
United Kingdom,Good Friday,2024-03-29
United Kingdom,Good Friday,2025-04-18
United Kingdom,Christmas Day,2023-12-25
United Kingdom,Christmas Day,2024-12-25
United Kingdom,Christmas Day,2025-12-25
United Kingdom,Easter Monday,2023-04-10
United Kingdom,Easter Monday,2024-04-01
United Kingdom,Easter Monday,2025-04-21
United Kingdom,New Year's Day,2023-01-01
United Kingdom,New Year's Day,2024-01-01
United Kingdom,New Year's Day,2025-01-01
United Kingdom,New Year Holida,2023-01-03
United Kingdom,New Year Holida,2024-01-02
United Kingdom,New Year Holida,2025-01-02
United Kingdom,St. Andrew's Da,2023-11-30
United Kingdom,St. Andrew's Da,2024-11-30
United Kingdom,St. Andrew's Da,2025-11-30
United Kingdom,St. Patrick's D,2023-03-17
United Kingdom,St. Patrick's D,2024-03-17
United Kingdom,St. Patrick's D,2024-03-18
United Kingdom,St. Patrick's D,2025-03-17
United Kingdom,Battle of the B,2023-07-12
United Kingdom,Battle of the B,2024-07-12
United Kingdom,Battle of the B,2025-07-12
United Kingdom,Spring Bank Hol,2023-05-29
United Kingdom,Spring Bank Hol,2024-05-27
United Kingdom,Spring Bank Hol,2025-05-26
United Kingdom,Summer Bank Hol,2023-08-07
United Kingdom,Summer Bank Hol,2024-08-05
United Kingdom,Summer Bank Hol,2025-08-04
United Kingdom,Late Summer Ban,2023-08-28
United Kingdom,Late Summer Ban,2024-08-26
United Kingdom,Late Summer Ban,2025-08-25
United Kingdom,New Year Holida,2023-01-02
Northern Ireland,May Day,2023-05-01
Northern Ireland,May Day,2024-05-06
Northern Ireland,May Day,2025-05-05
Northern Ireland,Boxing Day,2023-12-26
Northern Ireland,Boxing Day,2024-12-26
Northern Ireland,Boxing Day,2025-12-26
Northern Ireland,Good Friday,2023-04-07
Northern Ireland,Good Friday,2024-03-29
Northern Ireland,Good Friday,2025-04-18
Northern Ireland,Christmas Day,2023-12-25
Northern Ireland,Christmas Day,2024-12-25
Northern Ireland,Christmas Day,2025-12-25
Northern Ireland,Easter Monday,2023-04-10
Northern Ireland,Easter Monday,2024-04-01
Northern Ireland,Easter Monday,2025-04-21
Northern Ireland,New Year's Day,2023-01-01
Northern Ireland,New Year's Day,2023-01-02
Northern Ireland,New Year's Day,2024-01-01
Northern Ireland,New Year's Day,2025-01-01
Northern Ireland,St. Patrick's D,2023-03-17
Northern Ireland,St. Patrick's D,2024-03-17
Northern Ireland,St. Patrick's D,2024-03-18
Northern Ireland,St. Patrick's D,2025-03-17
Northern Ireland,Battle of the B,2023-07-12
Northern Ireland,Battle of the B,2024-07-12
Northern Ireland,Battle of the B,2025-07-12
Northern Ireland,Spring Bank Hol,2023-05-29
Northern Ireland,Spring Bank Hol,2024-05-27
Northern Ireland,Spring Bank Hol,2025-05-26
Northern Ireland,Late Summer Ban,2023-08-28
Northern Ireland,Late Summer Ban,2024-08-26
Northern Ireland,Late Summer Ban,2025-08-25
